1;SPIDAN
2;HELLA
3;ATE
4;MANN-FILTER
5;PIERBURG
6;LuK
7;EBERSPÄCHER
9;VICTOR REINZ
10;ELRING
11;BorgWarner (BERU)
12;PAGID
13;WALKER
14;BOGE
15;NGK
16;BILSTEIN
18;KONI
19;SWF
21;VALEO
22;WABCO
23;RUVILLE
24;EXIDE
26;VARTA
27;SIDAT
28;BV PSH
29;ERNST
30;BOSCH
31;CONTINENTAL CTAM
32;SACHS
33;GATES
34;KNECHT
35;LEMFÖRDER
36;VAN WEZEL
37;MONROE
38;PURFLUX
39;TEXTAR
41;BOSAL
42;DAYCO
43;CHAMPION
45;SPAHN GLÜHLAMPEN
47;BREMI
48;JURID
50;SKF
51;WESTFALIA
54;FTE
55;HERTH+BUSS JAKOPARTS
56;LÖBRO
57;QUINTON HAZELL
59;FRAM
61;TYC
63;PE Automotive
64;OPTIBELT
65;BREMBO
66;DENSO
67;OSRAM
68;ZF
71;GABRIEL
72;HERTH+BUSS ELPARTS
73;MINTEX
75;PHILIPS
78;KLOKKERHOLM
79;BorgWarner (Wahler)
80;AKS DASIS
81;HENGST FILTER
83;CONTINENTAL/VDO
85;KYB
86;ZIMMERMANN
87;FRIESEN
88;GLASER
89;DELPHI
90;FARCOM
91;TECNOCAR
92;SogefiPro
94;METZGER
95;MAGNETI MARELLI
96;AL-KO
97;WAECO
101;FEBI BILSTEIN
106;BRINK
108;TRISCAN
109;BUGATTI
110;SNR
112;EIBACH
113;PAYEN
114;BUDWEG CALIPER
115;ULO
117;LRT
118;HJS
121;METELLI
123;NISSENS
126;STABILUS
127;NK
128;BE TURBO
129;OPTIMAL
133;MAPCO
134;MOOG
135;SIDEM
136;FONOS
137;UFI
138;JOHNS
139;AJUSA
140;CORTECO
141;AE
142;SOFIMA
143;BERGA
144;MEYLE
145;NWB
146;AMC Filter
151;SWAG
152;ROADHOUSE
153;REMSA
154;DOLZ
155;URW
156;JAPANPARTS
157;BUGIAD
158;ICER
159;FACET
161;TRW
162;VAICO
163;CLEAN FILTERS
166;AISIN
167;DUPLI COLOR
168;MOTIP
169;PRESTO
171;Motorcraft
173;RAMEDER
175;LESJÖFORS
176;KILEN
177;BTS Turbo
178;HEPU
180;ALCO FILTER
181;GK
182;SCHLÜTTER TURBOLADER
183;VEMO
185;KAMOKA
186;DENCKERMANN
187;SOMORA
188;WOLF
189;CHAMPION LUBRICANTS
190;NATIONAL
191;IMASAF
192;FAG
193;MTS
194;BBT
195;BREDA LORETT
196;ALLMAKES
197;LPR
198;OCAP
199;TRUSTING
201;KAVO PARTS
202;GLYCO
204;INA
205;NRF
206;A.B.S.
207;CASTROL
208;BIRTH
209;TRUCKTEC AUTOMOTIVE
211;EFI AUTOMOTIVE
212;TUDOR
215;CALORSTAT by Vernet
216;NÜRAL
218;MECAFILTER
219;TIMKEN
220;AIRTEX
221;ACDelco
222;LIQUI MOLY
224;ERA Benelux
225;SCT - MANNOL
226;ELSTOCK
227;TRICO
228;3F QUALITY
232;HALDEX
233;DINEX
234;ERA
235;FRECCIA
236;FLENNOR
237;ELWIS ROYAL
238;IPSA
239;HUTCHINSON
240;FAE
241;FULMEN
242;NECTO
243;CAR
244;MEAT & DORIA
245;Saleri SIL
246;EYQUEM
247;AVA QUALITY COOLING
248;NIPPARTS
249;MGA
253;DIEDERICHS
254;AFA
255;ECS
256;FILTRON
257;ASHIKA
260;SASIC
262;IPD
263;SEIM
264;BERAL
267;FAI AutoParts
268;JP GROUP
269;INTERMOTOR
271;FENOX
273;RECORD FRANCE
274;AS
277;AMC
278;DON
279;GIRLING
281;BRECK
283;AP
286;KAWE
287;MAHLE
289;BRECO
291;PILENGA
292;LIZARTE
293;LENCO
294;SACHS PERFORMANCE
295;fri.tech.
296;JDEUS
297;sbs
298;ASSO
299;WEBASTO
300;AUTEX
301;TOPRAN
303;WALKER PRODUCTS
305;K&N Filters
309;E.T.F.
310;GRAF
311;CIFAM
312;KWP
313;FRIGAIR
315;MICHELIN
316;GENERAL RICAMBI
317;AKRON-MALÒ
318;CDX
319;CALIX
320;MTE-THOMSON
323;AUTOMEGA
324;WIX FILTERS
325;CEF
326;BorgWarner (Schwitze
327;BorgWarner
328;BorgWarner (3K)
330;TECHNOX
331;ORIGINAL IMPERIUM
332;DA SILVA
336;ST-TEMPLIN
337;EUROTEC
340;PRASCO
341;HOFFER
342;MESSMER
343;SAMKO
345;MOTAIR TURBO
347;TRW Engine Component
349;MERITOR
350;BLUE PRINT
351;AUTOFREN SEINSA
352;BF
355;DT Spare Parts
356;TESLA
357;VENEPORTE
358;MASTER-SPORT GERMANY
361;VATOIL
362;ALKAR
363;CARPRISS
364;UNIFLUX FILTERS
366;WOKING
367;FA1
368;GGT
371;DEPA
373;GSP
374;ACI-AVESA
375;SONNAK
376;CENTRA
377;BOSCH DIAGNOSTICS
378;OPEN PARTS
380;FRENKIT
381;Brake ENGINEERING
382;TURBO'S HOET
383;ANGLI
385;GOETZE ENGINE
387;KLAXCAR FRANCE
388;MOTORAD
389;GLYSANTIN
390;SUPLEX
391;EAI
392;KOYO
393;CEVAM
394;BARUM
396;PRESTOLITE ELECTRIC
397;JANMOR
398;EUROL
399;EXEDY
400;RAICAM
401;ROC
403;MAXGEAR
404;FRAS-LE
405;CAUTEX
406;BM CATALYSTS
407;FIRST LINE
408;SNRA
409;FREMAX
411;EUROCABLE
412;ATL Autotechnik
415;FENNO
421;COMLINE
422;AHE
427;ASMET
429;WAT
430;RTS
431;SERCORE
432;KOLBENSCHMIDT
433;STATIM
434;DETA
435;EQUAL QUALITY
436;MOTUL
437;CoopersFiaam
440;NPS
441;FISPA
442;ASHUKI by Palidium
443;ENERGIZER
445;KLARIUS
447;PILKINGTON
449;HITACHI
452;BRECAV
454;BANDO
455;SIGAM
456;VILLAR
460;DRI
461;RAVENOL
462;MFILTER
464;OSVAT
467;CS Germany
468;DÖNMEZ
469;KALE OTO RADYATÖR
470;MAPA
471;DITAS
473;CABOR
475;BORG & BECK
476;AUTO AIR GLOUCESTER
478;BGA
479;ALANKO
481;JAPKO
482;WEEN
483;ClimAir
484;CASCO
485;NARVA
486;FRAP
488;EEC
490;MULLER FILTER
492;RCA FRANCE
493;TRUCKTECHNIC
494;BRISK
495;COJALI
499;ZAFFO
500;GALFER
502;CovindSpA
503;powerROCK
517;ZM
519;Airmatic
529;SAUER
622;ROCKET
623;GLOBAL
671;Weissenfels
743;Dresselhaus
745;ISAMSpA
747;OLSAPARTSSrl
765;Frielitz
792;APVCarparts
799;AutomotiveAdriado
814;REMANTE
821;ORLEN
846;PetronasLubrican
847;DTESystemsGmbH
924;Nilfisk
956;HEQualityParts
966;IntAct
973;APSRemaGermany
979;AAA
980;Uranio
981;Akuma
1090;RENSI
1132;AutecRDKS
1155;SCHOENEK
1236;BÄREN
1250;FIAMM
1277;BBA
1291;ERICH JAEGER
1304;TRIFA
1352;MIDAC
1368;AIC
1402;MPM
1471;PIKA
1489;ROWE
1517;MOLLBATTERIEN
1785;SKANIMPORT
2112;Schaeferbarthold
2117;MADDVSE
2188;SenCom
2214;ATERAPOOL
2218;SWGAutomotive
2235;TQ
2237;OSVAT
2267;HPAUTO
2351;STsuspensions
2352;BannerPool
2414;MWD
2429;STec
2441;VEGAZ
2456;NAP
2524;WaldAntriebe
2534;Servotec
2558;TOTALDVSE
2559;Panther
2566;APC
2624;DURACELL
2657;VIGNAL
2658;SMMotorenteile
2665;APSportfahrwerke
2671;HornBauer
2676;EUROLUB
2688;WiCHMANN
2691;HOTEC
2728;SchferbartholdGmbH
2744;GulfOil
2773;MaxSensor
2788;PFI
2806;RPLQuality
2824;Lube1
2888;MiesslerAutomotive
2929;NAPEXCLUSIVE
2947;Valeryd
2951;FenzParts
2976;Teroson
2983;DESAYSV
2984;Loctite
2985;Welte
2987;Contra
3028;VikLight
3032;PolarParts
3104;OrangeElectronic
3165;Mitan
3191;AugustinGroup
3205;Glavista
3454;CRK
3549;Monark
3550;Stahlbus
3560;PEWAGTCD
3585;FAL
3589;SCCFahrzeugtechnik
3720;AutoTechteile
3721;APEX
3722;Novak
3762;HANSAMOBIL
3789;CIAKStarter
3791;GDW
3805;rutecGmbH
3820;STARTCRAFT
3829;RUD
3874;EURODRIVELINE
3882;TopTurbo
3894;GAUSS
3896;Rodcraft
3897;SWSTAHL
3910;REDFAIR
3937;MaxSrl
3946;KKHandelsgesellsch
3948;SUPSAN
3949;SASS
3952;LandportBV
4001;PMA
4002;SIKA
4003;ETS
4005;EPS
4006;KW
4008;MANDO
4009;Millard FILTERS
4010;555
4011;TECNECO FILTERS
4020;REACH
4021;Montcada
4022;TRUCKFRENOS
4023;KS TOOLS
4026;VIGOR
4032;JUNIOR
4033;EDELMANN
4081;ACKOJAP
4098;AEROSUS
4114;NORDGLASS
4135;DYS
4202;BINDER
4210;CMParts
4257;GUARNITAUTO
4263;SAMPIYON FILTER
4272;APPROVED GREEN
4275;WE PARTS
4280;AVS AUTOPARTS
4303;RAPRO
4306;Automotive RYME
4314;SHELL
4317;LASER TOOLS
4318;DYNAMATRIX
4319;JTEKT
4320;WITTER
4322;VALEO MX
4327;POLIPLAST
4328;Faurecia
4330;REPKIT
4331;SIEGEL Automotive
4333;Prestone
4334;CSV electronic parts
4336;INTERVALVES
4337;AUTOMOTOR France
4338;PLATINUM
4340;TENACITY
4342;TCMATIC
4344;ELTA AUTOMOTIVE
4345;DODA
4346;vika
4348;SpeedMate
4349;ITSA
4353;DPA
4355;Redback
4358;CLUTCHNUS
4359;EAA
4360;DriveTec
4361;EZ
4362;TURBO-MOT
4364;ACKOJA
4367;STOP&GO
4368;QUICK STEER
4370;MI.R.A.
4372;PETEC
4373;BENDIX Braking
4376;AUSTRALIAN CLUTCH
4377;TOMEX Brakes
4378;JS ASAKASHI
4379;GEBE
4380;Omnicraft
4381;Airstal
4384;EMINOX
4389;MAX
4390;C.E.I.
4391;EUROREPAR
4392;REMANTE
4394;opzional
4395;GOLD
4396;DIAMAX
4399;KRIOS
4400;J&S Automotive
4401;CTR
4402;YENMAK
4414;TEKNOROT
4416;GCG TURBOS AUSTRALIA
4420;4U Autoparts
4425;VEMA
4426;ABE
4427;Magnum Technology
4434;CONTINENTAL
4436;DUNLOP
4449;MOBIL
4451;YUASA
4452;GS
4455;BSG
4457;SONAX
4460;KING
4461;KAISHIN
4462;KM International
4463;CALIBER
4464;AUTOTEAM
4466;THERMOTEC
4468;YAMATO
4470;MISFAT
4472;TrakMotive
4495;AUGER
4496;LAUBER
4498;WAGNER
4501;LUCAS
4504;AINDE
4505;PHIRA
4508;CLEVITE
4511;XXLMARMITTEITALIANE
4512;ERT
4514;ET ENGINETEAM
4519;DJ PARTS
4520;PROTECHNIC
4522;KSH EUROPE
4523;HIDRIA
4527;AIR FREN
4528;AD KÜHNER
4535;MUBEA
4536;LINEX
4537;APEC
4539;Arnott
4543;PowerMax
4546;KRAFT AUTOMOTIVE
4547;SAKURA
4548;LIPE CLUTCH
4549;EGT
4551;3Effe Group
4553;CTR
4555;BLIC
4558;PATRON
4559;MECARM
4561;WESTLAKE
4564;MOTAQUIP
4567;EATON
4570;Maysan Mando
4572;LECOY
4576;ASAM
4581;FLEETGUARD
4582;SPJ
4585;DOGA
4587;DANAHER
4592;SANDO
4593;TEDGUM
4595;STELLOX
4596;SAFA
4598;3RG
4600;LYNXauto
4603;ELECTRIC LIFE
4604;CASALS
4607;SHAFTEC
4609;ROTA
4612;TUNGSRAM
4614;SEM LASTIK
4615;GARRETT
4620;UNIPOINT
4623;SAMPA
4625;HELLA PAGID
4627;WAI
4628;ATI
4630;SAKURA Automotive
4631;ASVA
4635;SPICER
4640;Purolator India
4651;AUTOKIT
4652;PEMEBLA
4653;Multiparts
4654;ACR
4655;PROCODIS FRANCE
4656;AUTOCLIMA
4657;ABAKUS
4658;MABYPARTS
4659;FIL FILTER
4662;BH SENS Huf
4663;GOODWILL
4664;Metalcaucho
4667;STC
4668;CARLUBE Tetrosyl
4671;NEOLUX®
4674;FEBEST
4675;STARLINE
4676;ROTINGER
4677;METAL LEVE
4678;COBREQ
4679;CAFFARO
4680;SPILU
4681;COFAP
4682;NiBK
4683;OSSCA
4686;PROFIT
4688;AUTOGAMMA
4689;JC PREMIUM
4690;PASCAL
4693;BTA
4694;NEXUS
4695;CARGOPARTS
4696;PACOL
4697;PNEUMATICS
4698;S-TR
4699;SBP
4701;TRUCKLIGHT
4705;MOBILETRON
4706;CONTINENTAL CTAM BR
4707;LUZAR
4710;SKF Brazil
4712;LASO
4717;NE
4718;KRAFTTECH
4719;LIFT-TEK
4720;PMM
4721;MIRAGLIO
4723;MAGNETI MARELLI - BR
4725;EACLIMA
4726;HKT
4727;FORMPART
4728;NSK
4730;UNIGOM
4731;LTM
4732;TREVI AUTOMOTIVE
4733;RYCO
4734;HELLA GUTMANN
4737;AUTLOG
4738;DEXWAL MOBIDEX
4739;VEGE
4741;FINWHALE
4742;BUCHLI
4743;IMEX
4745;PHILIPS Brazil
4748;LUKOIL
4752;MONROE-AU
4753;RANCHO-AU
4756;HOLA
4758;TALOSA
4760;DENSO-AU
4763;GT Exhausts
4764;MAXTRAC
4767;EXEDY-AU
4768;SIVENTO
4770;EUROBRAKE
4771;STARTVOLT
4772;TRIALLI
4773;MDR
4808;HAZET
4811;SERA
4812;GATES-AU
4813;DÜRER
4814;1A FIRST AUTOMOTIVE
4815;Borsehung
4817;Distribution Roues
4818;Fersa Bearings
4819;HC-Cargo
4820;G+M KAT
4821;QUARO
4825;BENDIX-AU
4828;RYMEC
4829;ASMETAL
4830;TMI
4831;NAKATA
4832;WILMINK GROUP
4834;FARE SA
4835;ATE-BR
4836;VDO-BR
4837;PIM
4838;FI.BA
4839;FACAR
4840;HEYNER
4841;IPARLUX
4842;AUTOELECTRO
4843;AS-PL
4844;G.U.D.
4845;AYD
4848;PZL Filters
4849;Ac Rolcar
4851;ASTER
4853;ZERO
4854;ASIMCO
4862;IJS GROUP
4864;ORDONEZ
4865;HASTINGS PISTON RING
4866;ARAL
4868;DONALDSON
4869;RED-LINE
4871;COFLE
4872;BREMSI
4873;POLMO
4878;BSF
4879;KEY PARTS
4880;CTE
4881;DYNAMAX
4882;DIPASPORT
4885;turbo by Intec
4886;AES PSH
4887;FOMAR Friction
4894;ZEKKERT
4895;YUASA AU
4899;MAXTECH
4907;KROON OIL
4911;ALLIGATOR
4912;GEDORE
4923;NORMA
4927;KYB-AU
4931;GH
4933;GAUSS
4935;JURATEK
4936;SKT
4937;FIT
4938;FAST
4940;FERRON
4941;EuroFlo
4942;DSS
4944;OREX
4946;SCHRADER
4948;Dr!ve+
4949;TURBORAIL
4951;AISIN-AU
4955;R BRAKE
4956;NGK-AU
4958;GREENCAR Automotive
4963;VMF
4964;LA.R.A.
4965;JUMASA
4969;ESEN SKV
4970;TRICLO
4972;ASYSUM
4973;LUCAS FILTERS
4975;AP XENERGY
4986;FERODO RACING
4987;4u
4989;B CAR
4990;NISSHINBO
4993;BRAXIS
4994;MITSUBOSHI
4995;BBR Automotive
4996;PARKER RACOR
4997;A.B.A
4998;HSB GOLD
4999;ÜRO Parts
5004;JAEGER
5058;KAMEI
5059;MEKRA
5060;HR
5063;AGC
5069;MEYER
5251;HART
5254;IZUMI
5259;Aslyx
5270;AIR ZONCEN
5275;A.Z. Meisterteile
5279;ELPI
5284;BRTEC
5287;Perfect EQUIPMENT
5292;Michelin-Helix
5293;AMPRO
5294;NTK-AU
5305;SEMPERIT
5306;UNIROYAL
5307;BARUM Tires
5308;GENERAL TIRE
5309;MATADOR
5310;GISLAVED
5311;VIKING
5312;MABOR
5314;KRAW
5316;iwis Motorsysteme
5332;ATECSO
5335;AUTOLITE
5338;AMT Turbo
5343;YSPARTS
5349;BOGAP
5350;EXTREME
5352;ACAUTO
5356;GM
5360;ECU Testing
5362;at autoteile germany
5366;NANFENG
5372;TitanX
5377;Motrio
5382;ROWE
5383;SEG Automotive
5384;itsens
5396;YTT
5397;RECOFICIAL
5398;LUSA
5402;LRPI
5407;NEOCOM
5412;PLYOM
5413;Alfa e-Parts
5418;Caliper EPB+ NAIBA
5422;MCS
5428;TIGRIL
5429;FARE-MX
5435;KTK GERMANY
5436;S-TEC
5439;Autopumps UK
5444;Hankook
5454;Dunlop Airsuspension
5458;CONTINENTAL CTAM IN
5462;FILTORQ
5469;SB
5470;NIFEA
5471;ATOMTEC
5476;O.M.P. Aftermarket
5479;Delco Remy
5486;BTAP
5503;WTI automotive
5504;NOVAK
6000;CPTEC4YOU
6003;VITAL SUSPENSIONS
6004;PHOENIX
6005;PRIME-RIDE
6008;DBA Australia
6009;BGS
6010;BLOCKSTEM
6012;LGK
6020;CONTITECH AIR SPRING
6022;TRADEX FRANCE
6097;Gabriel-MX
6101;FR REDAELLI
6102;ACPS-ORIS
6103;MK Kashiyama
6104;ADVICS
6105;RHIAG
6106;CUYMAR
6107;TURBOS MIGNE
6186;VALVOLINE
6207;KALE
6225;RESTAGRAF
6263;CPB
6264;RUFRE
6265;Hi-Q
6266;Mchanix
6267;OXIMO
6270;MASUMA
6271;AUTO-SPEED PARTS
6272;CASTROL-AU
6274;ZZVF
6276;HAMMER
6277;INTFRADIS
6280;NEW BLOX
6300;BECA CABLES
6304;QUICK BRAKE
6305;GEBA
6306;GKN
6307;ACDelco Oceania
6308;IBRAS
6309;HIFI FILTER
6311;UCEL
6312;Technika
6313;VITALE
6317;FKG
6322;SIAAM
6323;GNS
6325;DEEVO
6326;HEMAN
6327;MOVIMA
6330;REVITA
6331;SIGMAUTO
6332;SONOVA
6333;TOOR
6334;WOLVER
6335;REAL
6337;PROTECH
6338;ARDECA LUBRICANTS
6339;PREXAparts
6342;reman by Intec
6343;REPSOL
6346;GATES-SEA
6347;WXQP
6348;TEBO
6349;Henkel Parts
6350;GATES-MX
6354;YEC
6355;NTY
6356;Fram-Au
6357;Stark
6358;RIDEX
6359;IAP QUALITY PARTS
6360;HD
6361;NOVAT IBERICA
6362;AUTOGEM
6363;SPIDAN CHASSIS PARTS
6364;EBI
6366;BRÜCK GERMANY
6367;EURO ESPAÑA
6368;EBC Brakes
6369;MERTZ
6370;Flexible Drive
6371;BOTTO RICAMBI
6372;4X4 ESTANFI
6374;EBS
6375;GMB
6376;MOBILAND
6377;SATO tech
6378;ELOFIC
6379;GFQ - GF Quality
6381;POINT GEAR
6382;STARDAX
6387;Intran Flotamex
6388;NAKAMOTO
6389;MUTLU BATTERY
6390;AE TOPLIGHT
6394;SYNCRONIX
6395;STEP FILTERS
6396;GMW
6401;ZETA-ERRE
6402;EUROCAMS
6404;HITACHI-MX
6405;Sakura Filters AU
6407;NOVOCAR
6411;COGEFA France
6412;SONTIAN
6413;DEFA
6414;ADRIAUTO
6420;MOTIVE
6423;C.T.I.
6424;KM
6436;JK Pioneer
6437;SCHNIEDER AUTOTECH
6439;PHONOCAR
6440;GARLO
6441;BERU by DRiV
6442;SYD
6443;GOOM
6444;BorgWarner (AWD)
6447;RICAMBIFLEX GM
6450;DAKAtec
6452;MELLING-MX
6455;REXITE
6456;GECO
6457;PartsTec
6458;ConWys
6459;AVISTA
6466;OE Germany
6469;FYRECO
6470;MEC-DIESEL
6471;STORK
6473;NAPA
6475;INTER-TURBO
6476;CWORKS
6477;Exact
6479;DACO Germany
6480;The NewLine
6482;KUTNAK AUTOMOTIVE
6483;Mistral Filter
6484;FREY
6486;CAVO
6487;VADEN ORIGINAL
6492;ATLUX
6493;VEKA
6494;ISOTECH HUILE
6495;MILES
6513;CONTINENTAL-APAC
6514;MAT10
6518;LEMARK
6520;Argus Motoring
6522;OMG SRL
6525;Amity AP
6526;MAJORSELL
6528;Holden
6529;GUD
6530;STANDARD SPRINGS
6531;AUTO CYLINDERS
6533;Movelex
6534;Dr.Motor Automotive
6535;ATG
6543;FBK
6545;K'nadian
6546;KND Germany
6549;BTE
6550;HO AUTOPARTES
6554;B-RING
6555;KRONER
6558;AIC
6626;CABLES LANCER BY KEM
6627;ECONOFLOW
6628;ECONOWIRE
6630;KEM MAG PLUS
6631;KEMPARTS
6632;LANCER BY KEM
6633;MASTER RIDE
6634;SPARTAN BY KEM
6635;TOMCO
6636;UNIFLOW
6644;SIARIA
6645;ADVICS-SEA
6657;Litens
6662;Jrone
6665;GATES-BR
6671;TEIKIN
6686;LUMAX
6687;DKMAX
6688;HOBI
6691;Storm
6692;HAGEN
6698;RODRUNNER
6702;AHF
6703;Powerdown
6708;YUMAK
6711;GRC Prime
6714;Guardian
6715;HiJackers
6716;LTV
6717;Max Control
6718;ProGuard
6719;ReadyMount
6720;Ultra
6721;GRC Ultra
6723;Donaldson-AU
6725;BR Turbo
6735;PAAZ
6738;NAMCCO
6742;DEYE
6746;Meistersatz
6747;Pentosin
6785;HP
6786;JIKIU
6790;MOTORHERZ
6862;ProVia
6865;PRT
6866;CNXGM
6871;CORAM
6874;MOVIS
6877;RPL QUALITY
6885;Cloyes
6888;BMS
6889;ENGITECH
6890;POWER TRUCK
6891;PURRO
6892;REINHOCH
6893;TREEZER
6896;MTR
6905;VARTEX GERMANY
6911;KABIS
6918;LAMPERTI
6919;LABCP
6923;KRAFTVOLL GERMANY
6924;MEHA AUTOMOTIVE
6925;MICHELIN Wipers
6926;SRT
6928;BUGOBROT
6931;A-N PARTS
6932;Azumi
6933;SHW Performance
6934;GeBox
6938;Osram-MX
6942;ENERGY
6945;hajus Autoteile
6946;CAP VIEWPLUS
6949;ENEOS
6954;TURBO-TEC
6955;AIS
6956;Narva-AU
6958;Projecta
6965;Hitachi in East Asia
6966;HITACHI in ASEAN
6968;TOKICO
6971;STARTCAR
6973;DLZ
6979;KONI-AU
6980;GAIDO
6982;CONTINENTAL Tires
6983;ProfiPower
6984;Oyodo
6985;JPN
6987;DPAN
6989;FLAMAR
6990;PowerEdge
6992;TAG
6993;WINTECH AUTO - WTW
6995;Professional Parts
6996;TDM
6998;Odyssey Battery
6999;CIDAK
9999;TECDOC
